0.02;-0.002;-0.194;-9.693;995.658
0.04;-0.002;-0.194;-9.693;995.658
0.06;-0.002;-0.194;-9.693;995.658
0.08;-0.002;-0.194;-9.693;995.658
0.1;-0.002;-0.194;-9.693;995.658
0.12;-0.002;-0.194;-9.693;995.658
0.14;-0.002;-0.194;-9.693;995.658
0.16;-0.002;-0.194;-9.693;995.658
0.18;-0.002;-0.192;-9.616;995.658
0.2;-0.002;-0.185;-9.26;995.658
0.22;-0.001;-0.146;-7.296;995.658
0.24;-0.001;-0.077;-3.858;995.658
0.26;0;0.026;1.285;995.657
0.28;0.002;0.189;8.157;995.657
0.3;0.01;0.523;16.721;995.656
0.32;0.025;1.055;26.62;995.655
0.34;0.054;1.8;37.264;995.651
0.36;0.099;2.76;48.005;995.646
0.38;0.166;3.924;58.202;995.638
0.4;0.258;5.269;67.27;995.627
0.42;0.379;6.764;74.74;995.613
0.44;0.53;8.37;80.311;995.595
0.46;0.714;10.049;83.975;995.574
0.48;0.932;11.768;85.957;995.548
0.5;1.185;13.499;86.58;995.519
0.52;1.472;15.223;86.213;995.485
0.54;1.794;16.928;85.245;995.447
0.56;2.149;18.608;84.046;995.405
0.58;2.538;20.267;82.943;995.36
0.6;2.96;21.91;82.173;995.31
0.62;3.414;23.545;81.767;995.257
0.64;3.901;25.177;81.62;995.2
0.66;4.421;26.809;81.622;995.139
0.68;4.974;28.443;81.689;995.074
0.7;5.559;30.078;81.757;995.006
0.72;6.177;31.713;81.788;994.933
0.74;6.827;33.348;81.763;994.857
0.76;7.511;34.982;81.684;994.777
0.78;8.227;36.613;81.566;994.693
0.8;8.975;38.241;81.432;994.605
0.83;10.159;40.677;81.185;994.466
0.875;12.071;44.32;80.972;994.242
0.943;15.247;49.768;80.724;993.869
1.043;20.626;57.807;80.399;993.238
1.143;26.806;65.805;79.991;992.514
1.243;33.785;73.765;79.589;991.695
1.343;41.557;81.686;79.183;990.784
1.443;50.12;89.566;78.761;989.779
1.543;59.469;97.403;78.307;988.683
1.643;69.599;105.194;77.822;987.495
1.743;80.505;112.935;77.316;986.216
1.843;92.183;120.625;76.8;984.846
1.943;104.628;128.265;76.307;983.386
2.043;117.834;135.858;75.851;981.838
2.143;131.797;143.405;75.42;980.2
2.243;146.513;150.913;75.034;978.474
2.343;161.978;158.384;74.689;976.66
2.443;178.189;165.821;74.332;974.759
2.543;195.141;173.22;73.932;972.771
2.643;212.831;180.577;73.47;970.696
2.743;231.254;187.882;72.921;968.535
2.843;250.405;195.129;72.286;966.289
2.943;270.277;202.307;71.58;963.959
3.043;290.863;209.414;70.893;961.544
3.143;312.157;216.455;70.261;959.047
3.243;334.152;223.438;69.731;956.467
3.343;356.843;230.373;69.253;953.844
3.443;380.224;237.26;68.754;951.232
3.543;404.292;244.09;68.11;948.543
3.643;429.039;250.848;67.35;945.778
3.743;454.458;257.526;66.542;942.938
3.843;480.541;264.125;65.806;940.024
3.943;507.281;270.657;65.185;937.036
4.043;534.67;277.13;64.586;933.976
4.143;562.704;283.54;63.907;930.844
4.243;591.375;289.876;63.101;927.641
4.343;620.676;296.126;62.227;924.367
4.443;650.597;302.289;61.414;921.024
4.543;681.131;308.378;60.719;917.613
4.643;712.27;314.4;60.029;914.134
4.743;744.008;320.349;59.248;910.588
4.843;776.336;326.213;58.35;906.976
4.943;809.246;331.983;57.437;903.299
5.042;842.729;337.667;56.596;899.558
5.142;876.776;343.267;55.768;895.897
5.242;911.379;348.783;54.887;892.217
5.342;946.529;354.214;54.09;888.478
5.442;982.219;359.567;53.378;884.681
5.542;1018.44;364.852;52.667;880.829
5.642;1055.186;370.067;51.974;876.92
5.742;1092.45;375.21;51.28;872.956
5.842;1130.225;380.283;50.529;868.938
5.942;1168.504;385.28;49.799;864.866
6.042;1207.278;390.206;49.118;860.742
6.142;1246.542;395.065;48.442;856.565
6.242;1286.289;399.86;47.801;852.337
6.342;1326.511;404.585;47.101;848.059
6.442;1367.203;409.245;46.498;843.819
6.542;1408.358;413.845;45.845;839.653
6.642;1449.969;418.376;45.152;835.442
6.742;1492.03;422.838;44.489;831.184
6.842;1534.534;427.236;43.927;826.882
6.942;1577.475;431.579;43.277;822.536
7.042;1620.846;435.855;42.667;818.146
7.142;1664.643;440.069;42.017;813.713
7.242;1708.858;444.219;41.41;809.238
7.342;1753.484;448.31;40.807;804.721
7.442;1798.517;452.34;40.214;800.163
7.542;1843.95;456.312;39.594;795.565
7.642;1889.776;460.221;38.997;791.123
7.742;1935.991;464.069;38.382;786.675
7.842;1982.587;467.847;37.765;782.19
7.942;2029.475;469.921;20.718;777.677
8.042;2076.437;469.325;-5.864;773.157
8.142;2123.309;468.106;-12.054;768.645
8.242;2170.051;466.737;-13.521;764.146
8.342;2216.651;465.265;-14.589;759.661
8.442;2263.098;463.698;-15.523;755.19
8.542;2309.385;462.049;-16.295;750.735
8.642;2355.504;460.33;-17.066;746.322
8.742;2401.447;458.536;-17.815;742.119
8.842;2447.207;456.67;-18.487;737.933
8.942;2492.778;454.745;-19.081;733.764
9.042;2538.153;452.769;-19.585;729.613
9.142;2583.329;450.744;-20.099;725.48
9.242;2628.299;448.67;-20.606;721.367
9.342;2673.06;446.548;-21.068;717.272
9.442;2717.606;444.384;-21.445;713.197
9.542;2761.934;442.189;-21.776;709.142
9.642;2806.042;439.963;-22.13;705.107
9.742;2849.925;437.702;-22.45;701.092
9.842;2893.58;435.412;-22.736;697.299
9.942;2937.005;433.097;-22.996;693.526
10.042;2980.198;430.76;-23.223;689.773
10.142;3023.156;428.399;-23.449;686.04
10.242;3065.876;426.018;-23.656;682.328
10.342;3108.358;423.62;-23.802;678.637
10.442;3150.599;421.209;-23.927;674.967
10.542;3192.599;418.788;-24.076;671.317
10.642;3234.356;416.352;-24.234;667.689
10.742;3275.868;413.901;-24.336;664.082
10.842;3317.135;411.443;-24.409;660.496
10.942;3358.156;408.979;-24.469;656.968
11.042;3398.93;406.511;-24.544;653.605
11.142;3439.457;404.038;-24.611;650.263
11.242;3479.737;401.557;-24.693;646.94
11.342;3519.768;399.07;-24.733;643.639
11.442;3559.55;396.582;-24.751;640.358
11.542;3599.084;394.095;-24.715;637.097
11.642;3638.369;391.608;-24.745;633.857
11.742;3677.405;389.12;-24.743;630.637
11.842;3716.192;386.632;-24.759;627.438
11.942;3754.731;384.145;-24.725;624.26
12.042;3793.021;381.664;-24.666;621.102
12.142;3831.064;379.19;-24.6;617.964
12.242;3868.859;376.721;-24.592;614.927
12.342;3906.407;374.25;-24.565;611.989
12.442;3943.709;371.785;-24.525;609.071
12.542;3980.764;369.329;-24.378;606.171
12.642;4017.575;366.886;-24.327;603.291
12.742;4054.141;364.445;-24.321;600.431
12.842;4090.464;362.005;-24.271;597.589
12.942;4126.542;359.575;-24.135;594.766
13.042;4162.379;357.163;-23.976;591.962
13.142;4197.975;354.762;-23.901;589.177
13.242;4233.331;352.367;-23.87;586.411
13.342;4268.448;349.977;-23.795;583.664
13.442;4303.327;347.597;-23.624;580.935
13.542;4337.968;345.237;-23.48;578.224
13.642;4372.374;342.89;-23.362;575.624
13.742;4406.546;340.554;-23.271;573.089
13.842;4440.485;338.226;-23.158;570.572
13.942;4474.192;335.913;-23.03;568.072
14.042;4507.668;333.611;-22.907;565.589
14.142;4540.915;331.322;-22.789;563.123
14.242;4573.933;329.049;-22.585;560.674
14.342;4606.725;326.797;-22.389;558.242
14.442;4639.293;324.562;-22.248;555.827
14.542;4671.638;322.339;-22.131;553.428
14.642;4703.761;320.131;-21.951;551.045
14.742;4735.663;317.911;-22.047;548.679
14.842;4767.34;315.643;-22.552;546.33
14.942;4798.792;313.4;-22.333;543.997
15.042;4830.021;311.177;-22.136;541.681
15.142;4861.028;308.972;-21.981;539.424
15.242;4891.816;306.781;-21.815;537.261
15.342;4922.385;304.611;-21.592;535.113
15.442;4952.739;302.465;-21.33;532.98
15.542;4982.879;300.343;-21.118;530.863
15.642;5012.808;298.241;-20.937;528.76
15.742;5042.528;296.155;-20.785;526.672
15.842;5072.04;294.085;-20.619;524.598
15.942;5101.345;292.031;-20.457;522.539
16;5118.103;290.857;-20.357;521.362
16.086;5143.114;289.109;-20.181;519.604
16.186;5171.925;287.101;-19.967;517.58
16.286;5200.535;285.114;-19.78;515.57
16.386;5228.948;283.146;-19.605;513.573
16.486;5257.165;281.192;-19.463;511.591
16.586;5285.187;279.253;-19.315;509.622
16.686;5313.016;277.33;-19.146;507.666
16.786;5340.654;275.424;-18.959;505.725
16.886;5368.102;273.539;-18.75;503.864
16.986;5395.362;271.672;-18.588;502.051
17.086;5422.437;269.821;-18.445;500.25
17.186;5449.327;267.982;-18.337;498.461
17.286;5476.033;266.153;-18.222;496.685
17.386;5502.558;264.338;-18.072;494.92
17.486;5528.901;262.539;-17.901;493.168
17.586;5555.066;260.758;-17.726;491.428
17.686;5581.054;258.993;-17.577;489.699
17.786;5606.865;257.242;-17.456;487.982
17.886;5632.502;255.501;-17.37;486.277
17.986;5657.966;253.771;-17.237;484.583
18.086;5683.257;252.053;-17.119;482.901
18.186;5708.377;250.348;-16.997;481.23
18.286;5733.327;248.654;-16.862;479.571
18.386;5758.108;246.975;-16.72;477.922
18.486;5782.722;245.31;-16.586;476.285
18.586;5807.171;243.657;-16.472;474.659
18.686;5831.454;242.015;-16.371;473.044
18.786;5855.574;240.382;-16.313;471.459
18.886;5879.531;238.755;-16.211;469.952
18.986;5903.325;237.14;-16.091;468.455
19.086;5926.959;235.537;-15.966;466.968
19.186;5950.433;233.947;-15.827;465.491
19.286;5973.749;232.371;-15.706;464.023
19.386;5996.908;230.805;-15.605;462.566
19.486;6019.91;229.249;-15.524;461.119
19.586;6042.758;227.7;-15.456;459.681
19.686;6065.451;226.158;-15.392;458.253
19.786;6087.99;224.622;-15.322;456.835
19.886;6110.375;223.094;-15.224;455.426
19.986;6132.609;221.576;-15.128;454.027
20.086;6154.691;220.069;-15.024;452.638
20.186;6176.623;218.572;-14.913;451.258
20.286;6198.406;217.088;-14.793;449.887
20.386;6220.041;215.612;-14.712;448.526
20.486;6241.528;214.145;-14.628;447.174
20.586;6262.87;212.686;-14.567;445.831
20.686;6284.066;211.232;-14.523;444.497
20.786;6305.117;209.783;-14.445;443.173
20.886;6326.023;208.341;-14.383;441.857
20.986;6346.785;206.907;-14.309;440.551
21.086;6367.404;205.48;-14.233;439.313
21.186;6387.881;204.06;-14.148;438.095
21.286;6408.217;202.65;-14.061;436.886
21.386;6428.412;201.248;-13.991;435.684
21.486;6448.467;199.852;-13.914;434.491
21.586;6468.382;198.466;-13.823;433.307
21.686;6488.16;197.087;-13.755;432.13
21.786;6507.8;195.714;-13.709;430.962
21.886;6527.303;194.345;-13.677;429.802
21.986;6546.669;192.979;-13.64;428.65
22.086;6565.899;191.618;-13.588;427.506
22.186;6584.993;190.262;-13.517;426.371
22.286;6603.952;188.914;-13.446;425.243
22.386;6622.776;187.574;-13.356;424.123
22.486;6641.467;186.242;-13.284;423.011
22.586;6660.024;184.917;-13.216;421.907
22.686;6678.45;183.6;-13.133;420.811
22.786;6696.745;182.29;-13.076;419.723
22.886;6714.908;180.984;-13.037;418.643
22.986;6732.942;179.682;-12.997;417.57
23.086;6750.845;178.384;-12.965;416.505
23.186;6768.619;177.09;-12.926;415.448
23.286;6786.263;175.799;-12.876;414.399
23.386;6803.779;174.514;-12.828;413.357
23.486;6821.166;173.233;-12.788;412.322
23.586;6838.425;171.957;-12.73;411.296
23.686;6855.558;170.688;-12.66;410.295
23.786;6872.563;169.425;-12.608;409.34
23.886;6889.443;168.166;-12.552;408.391
23.986;6906.197;166.914;-12.495;407.45
24.086;6922.826;165.667;-12.438;406.516
24.186;6939.33;164.425;-12.401;405.588
24.286;6955.711;163.188;-12.352;404.668
24.386;6971.968;161.954;-12.316;403.754
24.486;6988.102;160.724;-12.288;402.848
24.586;7004.113;159.497;-12.242;401.948
24.686;7020.001;158.275;-12.212;401.056
24.786;7035.768;157.055;-12.191;400.17
24.886;7051.412;155.837;-12.152;399.291
24.986;7066.935;154.624;-12.118;398.419
25.086;7082.337;153.414;-12.088;397.553
25.186;7097.618;152.207;-12.04;396.695
25.286;7112.779;151.006;-11.995;395.843
25.386;7127.82;149.809;-11.943;394.998
25.486;7142.741;148.617;-11.899;394.159
25.586;7157.543;147.429;-11.861;393.328
25.686;7172.227;146.245;-11.818;392.503
25.786;7186.792;145.066;-11.773;391.684
25.886;7201.24;143.891;-11.731;390.872
25.986;7215.571;142.72;-11.69;390.067
26.086;7229.784;141.553;-11.652;389.269
26.186;7243.881;140.389;-11.626;388.477
26.286;7257.862;139.228;-11.603;387.691
26.386;7271.727;138.069;-11.579;386.912
26.486;7285.476;136.912;-11.554;386.14
26.586;7299.109;135.758;-11.532;385.374
26.686;7312.627;134.605;-11.507;384.614
26.786;7326.031;133.456;-11.47;383.861
26.886;7339.319;132.311;-11.435;383.114
26.986;7352.493;131.169;-11.411;382.382
27.086;7365.553;130.029;-11.374;381.689
27.186;7378.499;128.894;-11.341;381.003
27.286;7391.332;127.762;-11.302;380.322
27.386;7404.051;126.633;-11.258;379.648
27.486;7416.658;125.509;-11.232;378.979
27.586;7429.153;124.387;-11.211;378.316
27.686;7441.536;123.267;-11.175;377.66
27.786;7453.807;122.151;-11.155;377.009
27.886;7465.966;121.036;-11.144;376.364
27.986;7478.014;119.923;-11.122;375.725
28.086;7489.951;118.811;-11.103;375.092
28.186;7501.776;117.703;-11.074;374.465
28.286;7513.491;116.596;-11.054;373.844
28.386;7525.096;115.492;-11.028;373.228
28.486;7536.59;114.391;-11.008;372.619
28.586;7547.974;113.291;-10.987;372.015
28.686;7559.248;112.194;-10.964;371.417
28.786;7570.413;111.099;-10.934;370.825
28.886;7581.468;110.006;-10.917;370.239
28.986;7592.414;108.915;-10.9;369.658
29.086;7603.251;107.827;-10.868;369.084
29.186;7613.98;106.742;-10.83;368.515
29.286;7624.6;105.661;-10.813;367.952
29.386;7635.112;104.581;-10.781;367.394
29.486;7645.516;103.504;-10.759;366.842
29.586;7655.813;102.429;-10.741;366.296
29.686;7666.002;101.356;-10.729;365.756
29.786;7676.084;100.283;-10.705;365.221
29.886;7686.059;99.214;-10.682;364.692
29.986;7695.927;98.147;-10.657;364.169
30.086;7705.688;97.082;-10.643;363.651
30.186;7715.343;96.019;-10.63;363.139
30.286;7724.892;94.957;-10.612;362.633
30.386;7734.335;93.896;-10.61;362.132
30.486;7743.671;92.835;-10.595;361.637
30.586;7752.902;91.777;-10.577;361.147
30.686;7762.027;90.72;-10.561;360.663
30.786;7771.046;89.665;-10.546;360.185
30.886;7779.959;88.611;-10.526;359.712
30.986;7788.768;87.559;-10.506;359.245
31.086;7797.471;86.51;-10.486;358.784
31.186;7806.07;85.462;-10.466;358.328
31.286;7814.564;84.416;-10.449;357.877
31.386;7822.953;83.372;-10.439;357.432
31.486;7831.238;82.329;-10.422;356.993
31.586;7839.419;81.288;-10.407;356.559
31.686;7847.496;80.247;-10.402;356.131
31.786;7855.469;79.208;-10.381;355.725
31.886;7863.337;78.171;-10.358;355.331
31.986;7871.103;77.136;-10.342;354.943
32.086;7878.765;76.103;-10.32;354.559
32.186;7886.323;75.072;-10.299;354.181
32.286;7893.779;74.043;-10.277;353.808
32.386;7901.132;73.017;-10.252;353.441
32.486;7908.383;71.992;-10.246;353.078
32.586;7915.531;70.967;-10.238;352.72
32.686;7922.576;69.944;-10.222;352.368
32.786;7929.519;68.922;-10.219;352.021
32.886;7936.361;67.901;-10.204;351.679
32.986;7943.1;66.881;-10.182;351.342
33.086;7949.737;65.864;-10.172;351.01
33.186;7956.272;64.848;-10.154;350.683
33.286;7962.706;63.833;-10.148;350.361
33.386;7969.039;62.819;-10.135;350.044
33.486;7975.27;61.806;-10.126;349.733
33.586;7981.4;60.793;-10.125;349.426
33.686;7987.429;59.781;-10.117;349.124
33.786;7993.356;58.77;-10.107;348.828
33.886;7999.183;57.759;-10.106;348.537
33.986;8004.908;56.749;-10.105;348.25
34.086;8010.533;55.739;-10.1;347.969
34.186;8016.056;54.729;-10.095;347.693
34.286;8021.478;53.72;-10.08;347.421
34.386;8026.8;52.712;-10.081;347.155
34.486;8032.021;51.704;-10.075;346.894
34.586;8037.141;50.697;-10.063;346.638
34.686;8042.16;49.692;-10.045;346.387
34.786;8047.079;48.688;-10.034;346.141
34.886;8051.898;47.685;-10.021;345.9
34.986;8056.616;46.684;-10.004;345.664
35.086;8061.235;45.684;-9.987;345.433
35.186;8065.753;44.686;-9.977;345.207
35.286;8070.172;43.689;-9.965;344.986
35.386;8074.491;42.693;-9.947;344.77
35.486;8078.71;41.699;-9.93;344.559
35.586;8082.831;40.707;-9.912;344.353
35.686;8086.852;39.717;-9.9;344.152
35.786;8090.774;38.727;-9.9;343.956
35.886;8094.597;37.737;-9.89;343.764
35.986;8098.322;36.749;-9.878;343.578
36.086;8101.947;35.762;-9.873;343.397
36.186;8105.474;34.775;-9.861;343.22
36.286;8108.902;33.789;-9.845;343.049
36.386;8112.232;32.805;-9.836;342.882
36.486;8115.463;31.822;-9.829;342.721
36.586;8118.596;30.84;-9.819;342.564
36.686;8121.631;29.859;-9.804;342.412
36.786;8124.568;28.879;-9.801;342.265
36.886;8127.407;27.899;-9.798;342.123
36.986;8130.148;26.919;-9.794;341.986
37.086;8132.791;25.94;-9.788;341.854
37.186;8135.336;24.962;-9.784;341.727
37.286;8137.783;23.983;-9.779;341.604
37.386;8140.133;23.006;-9.767;341.487
37.486;8142.385;22.03;-9.765;341.374
37.586;8144.539;21.054;-9.757;341.267
37.686;8146.595;20.078;-9.756;341.164
37.786;8148.554;19.103;-9.749;341.066
37.886;8150.416;18.128;-9.739;340.973
37.986;8152.18;17.154;-9.738;340.884
38.086;8153.847;16.181;-9.739;340.801
38.186;8155.416;15.207;-9.738;340.723
38.286;8156.888;14.233;-9.735;340.649
38.386;8158.263;13.259;-9.738;340.58
38.486;8159.54;12.286;-9.731;340.516
38.586;8160.72;11.313;-9.729;340.457
38.686;8161.803;10.34;-9.732;340.403
38.786;8162.788;9.367;-9.726;340.354
38.886;8163.676;8.395;-9.721;340.309
38.986;8164.467;7.423;-9.717;340.27
39.086;8165.16;6.451;-9.714;340.235
39.186;8165.757;5.48;-9.713;340.205
39.286;8166.256;4.509;-9.712;340.18
39.386;8166.659;3.537;-9.712;340.16
39.486;8166.964;2.566;-9.711;340.145
39.586;8167.172;1.595;-9.71;340.135
39.686;8167.283;0.624;-9.708;340.129
39.786;8167.297;-0.347;-9.708;340.128
39.886;8167.214;-1.317;-9.709;340.132
39.891;8167.207;-1.36;-9.227;340.132
39.95;8167.11;-1.908;-9.21;340.133
40.021;8166.953;-2.542;-8.997;340.138
40.082;8166.782;-3.078;-8.768;340.145
40.155;8166.534;-3.704;-8.584;340.154
40.235;8166.209;-4.379;-8.378;340.166
40.318;8165.817;-5.057;-8.172;340.183
40.417;8165.28;-5.843;-7.973;340.202
40.508;8164.717;-6.549;-7.77;340.229
40.617;8163.958;-7.377;-7.595;340.257
40.768;8162.763;-8.49;-7.384;340.295
40.949;8161.108;-9.777;-7.107;340.355
41.129;8159.232;-11.009;-6.824;340.438
41.315;8157.078;-12.231;-6.59;340.532
41.544;8154.099;-13.692;-6.359;340.639
41.814;8150.192;-15.332;-6.09;340.788
42.124;8145.158;-17.129;-5.795;340.984
42.591;8136.572;-19.643;-5.384;341.236
43.08;8126.387;-21.992;-4.801;341.665
43.58;8114.871;-24.07;-4.157;342.174
44.08;8102.399;-25.819;-3.498;342.75
44.58;8089.122;-27.287;-2.935;343.374
45.08;8075.184;-28.468;-2.362;344.038
45.58;8060.715;-29.405;-1.875;344.735
46.08;8045.828;-30.146;-1.481;345.459
46.58;8030.612;-30.716;-1.142;346.204
47.08;8015.144;-31.157;-0.882;346.965
47.58;7999.483;-31.486;-0.658;347.738
48.08;7983.68;-31.726;-0.48;348.522
48.58;7967.773;-31.899;-0.346;349.312
49.08;7951.792;-32.026;-0.254;350.108
49.58;7935.757;-32.115;-0.177;350.907
50.08;7919.685;-32.171;-0.112;351.709
50.58;7903.592;-32.203;-0.063;352.513
51.08;7887.486;-32.221;-0.037;353.318
51.58;7871.375;-32.224;-0.007;354.123
52.08;7855.263;-32.221;0.008;354.929
52.58;7839.156;-32.211;0.019;355.735
53.08;7823.054;-32.195;0.031;356.573
53.58;7806.961;-32.176;0.039;357.427
54.08;7790.879;-32.153;0.045;358.28
54.58;7774.809;-32.128;0.05;359.133
55.08;7758.751;-32.102;0.054;359.986
55.58;7742.707;-32.074;0.056;360.837
56.08;7726.678;-32.044;0.059;361.688
56.58;7710.663;-32.015;0.058;362.538
57.08;7694.663;-31.986;0.059;363.387
57.58;7678.677;-31.956;0.059;364.236
58.08;7662.707;-31.926;0.06;365.084
58.58;7646.751;-31.897;0.06;365.931
59.08;7630.81;-31.867;0.06;366.777
59.58;7614.884;-31.837;0.059;367.622
60.08;7598.973;-31.807;0.059;368.467
60.58;7583.077;-31.778;0.059;369.311
61.08;7567.195;-31.748;0.059;370.154
61.58;7551.328;-31.719;0.059;370.996
62.08;7535.476;-31.69;0.058;371.837
62.58;7519.638;-31.661;0.058;372.678
63.08;7503.815;-31.632;0.058;373.518
63.58;7488.006;-31.603;0.058;374.357
64.08;7472.212;-31.574;0.057;375.195
64.58;7456.432;-31.545;0.058;376.033
65.08;7440.667;-31.517;0.057;376.87
65.58;7424.915;-31.488;0.057;377.706
66.08;7409.178;-31.46;0.057;378.541
66.58;7393.455;-31.432;0.056;379.376
67.08;7377.746;-31.404;0.056;380.21
67.58;7362.051;-31.376;0.056;381.043
68.08;7346.37;-31.349;0.056;381.875
68.58;7330.702;-31.321;0.056;382.718
69.08;7315.049;-31.293;0.056;383.598
69.58;7299.41;-31.264;0.057;384.478
70.08;7283.785;-31.235;0.058;385.357
70.58;7268.175;-31.207;0.057;386.235
71.08;7252.578;-31.178;0.058;387.112
71.58;7236.997;-31.149;0.057;387.988
72.08;7221.429;-31.121;0.057;388.863
72.58;7205.876;-31.092;0.057;389.738
73.08;7190.337;-31.064;0.057;390.612
73.58;7174.813;-31.035;0.057;391.485
74.08;7159.302;-31.007;0.056;392.357
74.58;7143.806;-30.979;0.056;393.229
75.08;7128.323;-30.951;0.056;394.099
75.58;7112.855;-30.923;0.056;394.969
76.08;7097.4;-30.895;0.055;395.838
76.58;7081.959;-30.868;0.055;396.707
77.08;7066.532;-30.84;0.055;397.574
77.58;7051.119;-30.813;0.055;398.441
78.08;7035.719;-30.786;0.054;399.307
78.58;7020.333;-30.759;0.054;400.172
79.08;7004.961;-30.732;0.054;401.037
79.58;6989.602;-30.704;0.055;401.901
80.08;6974.256;-30.677;0.053;402.764
80.58;6958.924;-30.651;0.053;403.626
81.08;6943.605;-30.625;0.053;404.487
81.58;6928.3;-30.598;0.054;405.348
82.08;6913.007;-30.572;0.052;406.208
82.58;6897.728;-30.546;0.052;407.067
83.08;6882.462;-30.52;0.052;407.926
83.58;6867.209;-30.494;0.052;408.783
84.08;6851.968;-30.468;0.052;409.64
84.58;6836.741;-30.442;0.051;410.497
85.08;6821.526;-30.416;0.052;411.396
85.58;6806.325;-30.389;0.053;412.301
86.08;6791.137;-30.363;0.053;413.205
86.58;6775.962;-30.336;0.054;414.109
87.08;6760.801;-30.309;0.054;415.011
87.58;6745.653;-30.283;0.053;415.913
88.08;6730.518;-30.256;0.053;416.814
88.58;6715.397;-30.229;0.053;417.714
89.08;6700.289;-30.203;0.053;418.614
89.58;6685.194;-30.176;0.053;419.512
90.08;6670.113;-30.15;0.053;420.41
90.58;6655.044;-30.124;0.053;421.307
91.08;6639.989;-30.097;0.053;422.204
91.58;6624.947;-30.071;0.052;423.099
92.08;6609.917;-30.046;0.052;423.994
92.58;6594.901;-30.02;0.052;424.888
93.08;6579.898;-29.994;0.052;425.781
93.58;6564.907;-29.968;0.052;426.674
94.08;6549.929;-29.943;0.051;427.565
94.58;6534.964;-29.917;0.051;428.456
95.08;6520.012;-29.892;0.05;429.346
95.58;6505.072;-29.867;0.05;430.236
96.08;6490.145;-29.842;0.05;431.124
96.58;6475.23;-29.817;0.05;432.012
97.08;6460.328;-29.792;0.05;432.899
97.58;6445.437;-29.768;0.049;433.786
98.08;6430.56;-29.743;0.049;434.672
98.58;6415.694;-29.719;0.049;435.557
99.08;6400.841;-29.694;0.049;436.441
99.58;6386;-29.67;0.049;437.324
100.08;6371.171;-29.646;0.048;438.207
100.58;6356.354;-29.621;0.048;439.089
101.08;6341.55;-29.597;0.048;439.97
101.58;6326.757;-29.573;0.049;440.88
102.08;6311.977;-29.549;0.049;441.811
102.58;6297.209;-29.523;0.051;442.741
103.08;6282.453;-29.498;0.049;443.67
103.58;6267.71;-29.473;0.051;444.599
104.08;6252.98;-29.448;0.05;445.526
104.58;6238.262;-29.424;0.049;446.453
105.08;6223.556;-29.399;0.05;447.379
105.58;6208.863;-29.374;0.05;448.305
106.08;6194.182;-29.349;0.049;449.229
106.58;6179.514;-29.325;0.049;450.153
107.08;6164.857;-29.3;0.049;451.076
107.58;6150.213;-29.276;0.049;451.998
108.08;6135.581;-29.252;0.049;452.92
108.58;6120.961;-29.228;0.048;453.84
109.08;6106.354;-29.204;0.048;454.76
109.58;6091.758;-29.179;0.048;455.679
110.08;6077.174;-29.156;0.048;456.598
110.58;6062.602;-29.132;0.048;457.516
111.08;6048.043;-29.108;0.047;458.432
111.58;6033.495;-29.084;0.047;459.349
112.08;6018.958;-29.061;0.047;460.264
112.58;6004.434;-29.037;0.047;461.179
113.08;5989.921;-29.014;0.047;462.093
113.58;5975.42;-28.991;0.047;463.006
114.08;5960.93;-28.967;0.046;463.918
114.58;5946.452;-28.944;0.046;464.83
115.08;5931.986;-28.921;0.046;465.741
115.58;5917.531;-28.899;0.046;466.651
116.08;5903.087;-28.876;0.046;467.561
116.58;5888.655;-28.853;0.045;468.47
117.08;5874.234;-28.831;0.045;469.378
117.58;5859.824;-28.808;0.045;470.285
118.08;5845.426;-28.786;0.045;471.192
118.58;5831.039;-28.763;0.045;472.114
119.08;5816.663;-28.74;0.046;473.071
119.58;5802.299;-28.717;0.047;474.028
120.08;5787.946;-28.693;0.047;474.983
120.58;5773.606;-28.67;0.046;475.938
121.08;5759.276;-28.647;0.046;476.892
121.58;5744.959;-28.624;0.046;477.845
122.08;5730.653;-28.6;0.047;478.797
122.58;5716.358;-28.577;0.046;479.749
123.08;5702.076;-28.554;0.046;480.699
123.58;5687.804;-28.531;0.046;481.649
124.08;5673.544;-28.508;0.046;482.599
124.58;5659.296;-28.486;0.046;483.547
125.08;5645.059;-28.463;0.045;484.495
125.58;5630.833;-28.44;0.045;485.442
126.08;5616.619;-28.418;0.045;486.388
126.58;5602.415;-28.395;0.045;487.334
127.08;5588.223;-28.373;0.045;488.278
127.58;5574.042;-28.35;0.046;489.222
128.08;5559.873;-28.328;0.044;490.166
128.58;5545.714;-28.306;0.044;491.108
129.08;5531.567;-28.284;0.044;492.05
129.58;5517.43;-28.262;0.044;492.991
130.08;5503.305;-28.24;0.043;493.931
130.58;5489.19;-28.219;0.043;494.871
131.08;5475.086;-28.197;0.044;495.81
131.58;5460.993;-28.175;0.043;496.748
132.08;5446.911;-28.154;0.043;497.685
132.58;5432.839;-28.132;0.043;498.622
133.08;5418.779;-28.111;0.042;499.558
133.58;5404.729;-28.09;0.043;500.493
134.08;5390.689;-28.068;0.044;501.428
134.58;5376.661;-28.047;0.042;502.361
135.08;5362.642;-28.026;0.042;503.295
135.58;5348.635;-28.005;0.042;504.227
136.08;5334.637;-27.984;0.041;505.164
136.58;5320.651;-27.963;0.042;506.147
137.08;5306.675;-27.941;0.043;507.13
137.58;5292.709;-27.919;0.044;508.112
138.08;5278.755;-27.898;0.043;509.093
138.58;5264.812;-27.876;0.044;510.074
139.08;5250.88;-27.854;0.043;511.053
139.58;5236.958;-27.833;0.043;512.032
140.08;5223.047;-27.811;0.043;513.011
140.58;5209.147;-27.79;0.043;513.988
141.08;5195.257;-27.768;0.043;514.965
141.58;5181.379;-27.747;0.043;515.94
142.08;5167.511;-27.725;0.043;516.916
142.58;5153.653;-27.704;0.043;517.89
143.08;5139.807;-27.683;0.042;518.864
143.58;5125.97;-27.662;0.042;519.837
144.08;5112.145;-27.641;0.042;520.809
144.58;5098.33;-27.62;0.042;521.78
145.08;5084.525;-27.599;0.042;522.751
145.58;5070.731;-27.578;0.042;523.721
146.08;5056.947;-27.557;0.041;524.69
146.58;5043.174;-27.537;0.041;525.658
147.08;5029.41;-27.516;0.041;526.626
147.58;5015.658;-27.496;0.041;527.593
148.08;5001.915;-27.473;0.045;528.56
148.58;4988.184;-27.453;0.04;529.525
149.08;4974.462;-27.434;0.039;530.49
149.58;4960.75;-27.413;0.041;531.454
150.08;4947.048;-27.393;0.04;532.417
150.58;4933.357;-27.374;0.039;533.38
151.08;4919.675;-27.354;0.04;534.342
151.58;4906.003;-27.334;0.039;535.304
152.08;4892.341;-27.314;0.039;536.264
152.58;4878.688;-27.295;0.039;537.224
153.08;4865.046;-27.275;0.039;538.183
153.58;4851.413;-27.256;0.039;539.142
154.08;4837.79;-27.236;0.039;540.1
154.58;4824.177;-27.216;0.04;541.105
155.08;4810.574;-27.196;0.04;542.114
155.58;4796.981;-27.176;0.041;543.123
156.08;4783.399;-27.155;0.041;544.131
156.58;4769.826;-27.134;0.042;545.139
157.08;4756.264;-27.113;0.043;546.145
157.58;4742.713;-27.093;0.04;547.151
158.08;4729.171;-27.073;0.04;548.156
158.58;4715.639;-27.053;0.04;549.161
159.08;4702.118;-27.033;0.04;550.164
159.58;4688.606;-27.013;0.04;551.167
160.08;4675.104;-26.993;0.04;552.169
160.58;4661.613;-26.974;0.04;553.171
161.08;4648.131;-26.954;0.04;554.171
161.58;4634.659;-26.934;0.039;555.171
162.08;4621.197;-26.914;0.039;556.171
162.58;4607.744;-26.895;0.039;557.169
163.08;4594.302;-26.875;0.039;558.167
163.58;4580.869;-26.856;0.039;559.164
164.08;4567.446;-26.836;0.039;560.16
164.58;4554.033;-26.817;0.038;561.156
165.08;4540.629;-26.798;0.039;562.15
165.58;4527.235;-26.778;0.038;563.145
166.08;4513.851;-26.759;0.038;564.138
166.58;4500.476;-26.74;0.038;565.131
167.08;4487.111;-26.721;0.038;566.123
167.58;4473.755;-26.702;0.037;567.114
168.08;4460.409;-26.683;0.038;568.104
168.58;4447.072;-26.664;0.038;569.094
169.08;4433.744;-26.646;0.037;570.084
169.58;4420.426;-26.627;0.037;571.072
170.08;4407.117;-26.609;0.037;572.06
170.58;4393.818;-26.59;0.037;573.047
171.08;4380.527;-26.571;0.038;574.033
171.58;4367.246;-26.553;0.037;575.019
172.08;4353.975;-26.535;0.036;576.004
172.58;4340.712;-26.516;0.036;576.988
173.08;4327.458;-26.498;0.037;578.01
173.58;4314.214;-26.479;0.037;579.047
174.08;4300.979;-26.46;0.038;580.083
174.58;4287.754;-26.441;0.038;581.118
175.08;4274.538;-26.422;0.039;582.153
175.58;4261.332;-26.403;0.038;583.187
176.08;4248.135;-26.384;0.038;584.22
176.58;4234.948;-26.365;0.038;585.253
177.08;4221.77;-26.346;0.038;586.285
177.58;4208.601;-26.327;0.038;587.316
178.08;4195.442;-26.309;0.038;588.346
178.58;4182.293;-26.29;0.038;589.375
179.08;4169.153;-26.271;0.038;590.404
179.58;4156.022;-26.252;0.037;591.432
180.08;4142.9;-26.233;0.038;592.46
180.58;4129.788;-26.215;0.036;593.486
181.08;4116.685;-26.197;0.036;594.512
181.58;4103.591;-26.179;0.037;595.537
182.08;4090.507;-26.16;0.036;596.562
182.58;4077.431;-26.142;0.036;597.585
183.08;4064.364;-26.124;0.036;598.608
183.58;4051.307;-26.105;0.037;599.631
184.08;4038.259;-26.087;0.037;600.652
184.58;4025.22;-26.069;0.035;601.673
185.08;4012.19;-26.052;0.036;602.693
185.58;3999.168;-26.034;0.036;603.713
186.08;3986.156;-26.016;0.035;604.732
186.58;3973.152;-25.999;0.035;605.75
187.08;3960.157;-25.981;0.035;606.767
187.58;3947.171;-25.964;0.035;607.784
188.08;3934.194;-25.946;0.036;608.8
188.58;3921.225;-25.928;0.035;609.815
189.08;3908.265;-25.911;0.034;610.83
189.58;3895.314;-25.894;0.034;611.844
190.08;3882.372;-25.876;0.035;612.857
190.58;3869.438;-25.859;0.034;613.87
191.08;3856.513;-25.842;0.035;614.881
191.58;3843.596;-25.825;0.034;615.893
192.08;3830.688;-25.808;0.035;616.93
192.58;3817.789;-25.79;0.035;617.995
193.08;3804.898;-25.772;0.035;619.059
193.58;3792.016;-25.754;0.036;620.122
194.08;3779.144;-25.736;0.035;621.185
194.58;3766.28;-25.718;0.036;622.246
195.08;3753.425;-25.701;0.035;623.307
195.58;3740.579;-25.683;0.035;624.367
196.08;3727.742;-25.665;0.035;625.427
196.58;3714.914;-25.648;0.036;626.486
197.08;3702.095;-25.63;0.035;627.544
197.58;3689.284;-25.613;0.035;628.601
198.08;3676.482;-25.595;0.035;629.658
198.58;3663.689;-25.578;0.035;630.714
199.08;3650.905;-25.56;0.035;631.769
199.58;3638.129;-25.543;0.034;632.823
200.08;3625.362;-25.526;0.034;633.877
200.58;3612.603;-25.508;0.036;634.93
201.08;3599.854;-25.49;0.035;635.982
201.58;3587.113;-25.473;0.034;637.034
202.08;3574.381;-25.456;0.033;638.084
202.58;3561.656;-25.44;0.033;639.135
203.08;3548.941;-25.423;0.034;640.184
203.58;3536.234;-25.406;0.034;641.233
204.08;3523.535;-25.389;0.034;642.281
204.58;3510.844;-25.373;0.033;643.328
205.08;3498.162;-25.356;0.034;644.375
205.58;3485.488;-25.339;0.033;645.421
206.08;3472.823;-25.322;0.033;646.466
206.58;3460.166;-25.306;0.033;647.511
207.08;3447.517;-25.29;0.033;648.555
207.58;3434.876;-25.273;0.033;649.598
208.08;3422.244;-25.257;0.033;650.64
208.58;3409.62;-25.24;0.033;651.682
209.08;3397.003;-25.224;0.032;652.724
209.58;3384.396;-25.208;0.033;653.764
210.08;3371.796;-25.192;0.032;654.804
210.58;3359.204;-25.175;0.033;655.843
211.08;3346.62;-25.159;0.033;656.882
211.58;3334.045;-25.143;0.032;657.934
212.08;3321.478;-25.127;0.032;659.027
212.58;3308.918;-25.11;0.033;660.119
213.08;3296.367;-25.094;0.033;661.21
213.58;3283.825;-25.077;0.034;662.301
214.08;3271.29;-25.06;0.033;663.391
214.58;3258.764;-25.044;0.033;664.48
215.08;3246.247;-25.027;0.034;665.568
215.58;3233.738;-25.01;0.034;666.656
216.08;3221.237;-24.993;0.032;667.743
216.58;3208.744;-24.977;0.033;668.829
217.08;3196.26;-24.961;0.033;669.914
217.58;3183.784;-24.944;0.034;670.999
218.08;3171.316;-24.927;0.034;672.083
218.58;3158.857;-24.911;0.032;673.166
219.08;3146.405;-24.895;0.032;674.249
219.58;3133.962;-24.879;0.032;675.331
220.08;3121.527;-24.863;0.032;676.412
220.58;3109.099;-24.846;0.033;677.493
221.08;3096.68;-24.831;0.031;678.572
221.58;3084.269;-24.815;0.032;679.652
222.08;3071.866;-24.799;0.032;680.73
222.58;3059.47;-24.783;0.032;681.808
223.08;3047.083;-24.767;0.032;682.885
223.58;3034.703;-24.751;0.032;683.961
224.08;3022.332;-24.735;0.033;685.037
224.58;3009.968;-24.719;0.031;686.112
225.08;2997.612;-24.704;0.031;687.186
225.58;2985.264;-24.688;0.031;688.259
226.08;2972.924;-24.673;0.031;689.332
226.58;2960.591;-24.657;0.031;690.405
227.08;2948.266;-24.642;0.032;691.476
227.58;2935.949;-24.626;0.03;692.547
228.08;2923.64;-24.611;0.03;693.617
228.58;2911.338;-24.596;0.03;694.687
229.08;2899.044;-24.581;0.031;695.756
229.58;2886.757;-24.565;0.03;696.824
230.08;2874.479;-24.55;0.03;697.892
230.58;2862.207;-24.535;0.031;698.958
231.08;2849.944;-24.519;0.031;700.025
231.58;2837.688;-24.505;0.029;701.091
232.08;2825.439;-24.489;0.031;702.212
232.58;2813.199;-24.474;0.031;703.332
233.08;2800.966;-24.458;0.032;704.452
233.58;2788.741;-24.442;0.031;705.571
234.08;2776.523;-24.427;0.031;706.689
234.58;2764.314;-24.411;0.031;707.807
235.08;2752.112;-24.395;0.032;708.924
235.58;2739.918;-24.38;0.031;710.04
236.08;2727.732;-24.364;0.031;711.156
236.58;2715.554;-24.349;0.031;712.27
237.08;2703.384;-24.333;0.032;713.384
237.58;2691.221;-24.318;0.03;714.498
238.08;2679.066;-24.303;0.031;715.61
238.58;2666.918;-24.287;0.031;716.722
239.08;2654.778;-24.272;0.031;717.834
239.58;2642.646;-24.257;0.03;718.944
240.08;2630.522;-24.241;0.031;720.054
240.58;2618.405;-24.226;0.03;721.163
241.08;2606.296;-24.211;0.03;722.272
241.58;2594.194;-24.196;0.03;723.379
242.08;2582.1;-24.18;0.031;724.486
242.58;2570.013;-24.166;0.029;725.593
243.08;2557.934;-24.151;0.03;726.699
243.58;2545.862;-24.136;0.029;727.804
244.08;2533.798;-24.121;0.03;728.908
244.58;2521.741;-24.107;0.029;730.011
245.08;2509.691;-24.092;0.029;731.114
245.58;2497.649;-24.078;0.029;732.217
246.08;2485.613;-24.063;0.029;733.318
246.58;2473.586;-24.048;0.029;734.419
247.08;2461.565;-24.033;0.03;735.52
247.58;2449.552;-24.019;0.03;736.619
248.08;2437.547;-24.004;0.028;737.718
248.58;2425.548;-23.989;0.03;738.817
249.08;2413.557;-23.976;0.028;739.914
249.58;2401.573;-23.961;0.029;741.011
250.08;2389.596;-23.947;0.028;742.107
250.58;2377.626;-23.933;0.029;743.203
251.08;2365.663;-23.919;0.028;744.298
251.58;2353.707;-23.904;0.028;745.392
252.08;2341.759;-23.89;0.028;746.486
252.58;2329.817;-23.876;0.029;747.619
253.08;2317.883;-23.862;0.029;748.768
253.58;2305.956;-23.847;0.029;749.917
254.08;2294.036;-23.832;0.029;751.065
254.58;2282.123;-23.817;0.03;752.212
255.08;2270.218;-23.803;0.03;753.359
255.58;2258.321;-23.788;0.03;754.505
256.08;2246.43;-23.773;0.029;755.65
256.58;2234.547;-23.759;0.029;756.794
257.08;2222.672;-23.744;0.029;757.938
257.58;2210.803;-23.73;0.029;759.081
258.08;2198.942;-23.715;0.029;760.223
258.58;2187.088;-23.701;0.029;761.365
259.08;2175.241;-23.686;0.029;762.506
259.58;2163.402;-23.672;0.029;763.646
260.08;2151.57;-23.657;0.028;764.786
260.58;2139.744;-23.643;0.028;765.925
261.08;2127.926;-23.629;0.028;767.063
261.58;2116.115;-23.615;0.028;768.201
262.08;2104.311;-23.601;0.028;769.338
262.58;2092.515;-23.586;0.029;770.474
263.08;2080.725;-23.572;0.029;771.609
263.58;2068.943;-23.558;0.028;772.744
264.08;2057.167;-23.544;0.028;773.878
264.58;2045.399;-23.53;0.028;775.011
265.08;2033.637;-23.516;0.028;776.144
265.58;2021.882;-23.503;0.028;777.276
266.08;2010.135;-23.488;0.03;778.408
266.58;1998.394;-23.474;0.028;779.539
267.08;1986.661;-23.461;0.026;780.669
267.58;1974.934;-23.447;0.027;781.798
268.08;1963.214;-23.433;0.027;782.927
268.58;1951.501;-23.42;0.027;784.055
269.08;1939.794;-23.406;0.027;785.182
269.58;1928.094;-23.393;0.027;786.309
270.08;1916.401;-23.379;0.027;787.435
270.58;1904.715;-23.365;0.028;788.561
271.08;1893.036;-23.352;0.026;789.686
271.58;1881.363;-23.339;0.027;790.81
272.08;1869.697;-23.326;0.026;791.933
272.58;1858.038;-23.312;0.026;793.056
273.08;1846.385;-23.299;0.026;794.178
273.58;1834.739;-23.285;0.028;795.318
274.08;1823.1;-23.272;0.027;796.497
274.58;1811.467;-23.258;0.028;797.675
275.08;1799.842;-23.244;0.027;798.852
275.58;1788.223;-23.23;0.028;800.029
276.08;1776.612;-23.217;0.027;801.205
276.58;1765.007;-23.203;0.028;802.38
277.08;1753.409;-23.189;0.027;803.555
277.58;1741.818;-23.175;0.027;804.729
278.08;1730.234;-23.161;0.028;805.902
278.58;1718.656;-23.147;0.028;807.074
279.08;1707.086;-23.134;0.027;808.246
279.58;1695.522;-23.121;0.027;809.417
280.08;1683.965;-23.107;0.027;810.588
280.58;1672.415;-23.094;0.027;811.757
281.08;1660.871;-23.08;0.027;812.927
281.58;1649.335;-23.067;0.027;814.095
282.08;1637.805;-23.053;0.027;815.263
282.58;1626.281;-23.039;0.028;816.43
283.08;1614.765;-23.026;0.026;817.596
283.58;1603.255;-23.013;0.026;818.762
284.08;1591.752;-23;0.027;819.927
284.58;1580.255;-22.987;0.027;821.091
285.08;1568.765;-22.973;0.026;822.255
285.58;1557.282;-22.96;0.027;823.418
286.08;1545.805;-22.947;0.026;824.58
286.58;1534.335;-22.934;0.027;825.741
287.08;1522.871;-22.921;0.025;826.902
287.58;1511.414;-22.908;0.026;828.063
288.08;1499.963;-22.895;0.026;829.222
288.58;1488.519;-22.882;0.026;830.381
289.08;1477.081;-22.869;0.026;831.54
289.58;1465.649;-22.856;0.027;832.697
290.08;1454.224;-22.843;0.026;833.854
290.58;1442.806;-22.831;0.025;835.011
291.08;1431.394;-22.818;0.025;836.167
291.58;1419.988;-22.804;0.028;837.322
292.08;1408.589;-22.792;0.025;838.476
292.58;1397.196;-22.78;0.024;839.63
293.08;1385.81;-22.767;0.025;840.783
293.58;1374.429;-22.754;0.026;841.936
294.08;1363.056;-22.74;0.029;843.087
294.58;1351.689;-22.729;0.023;844.239
295.08;1340.327;-22.717;0.024;845.389
295.58;1328.972;-22.704;0.025;846.589
296.08;1317.623;-22.691;0.025;847.797
296.58;1306.281;-22.679;0.026;849.004
297.08;1294.945;-22.666;0.026;850.211
297.58;1283.615;-22.653;0.026;851.416
298.08;1272.292;-22.639;0.028;852.621
298.58;1260.976;-22.626;0.025;853.826
299.08;1249.666;-22.614;0.025;855.03
299.58;1238.362;-22.601;0.026;856.233
300.08;1227.065;-22.588;0.026;857.435
300.58;1215.774;-22.575;0.025;858.637
301.08;1204.49;-22.562;0.025;859.838
301.58;1193.212;-22.55;0.026;861.038
302.08;1181.94;-22.536;0.026;862.238
302.58;1170.675;-22.524;0.025;863.437
303.08;1159.417;-22.511;0.026;864.635
303.58;1148.165;-22.498;0.026;865.833
304.08;1136.919;-22.485;0.026;867.03
304.58;1125.68;-22.473;0.024;868.226
305.08;1114.446;-22.461;0.024;869.421
305.58;1103.219;-22.448;0.026;870.616
306.08;1091.998;-22.435;0.024;871.81
306.58;1080.784;-22.423;0.024;873.004
307.08;1069.575;-22.411;0.024;874.197
307.58;1058.372;-22.399;0.024;875.389
308.08;1047.176;-22.387;0.024;876.581
308.58;1035.986;-22.374;0.025;877.772
309.08;1024.802;-22.362;0.025;878.962
309.58;1013.624;-22.35;0.024;880.152
310.08;1002.452;-22.338;0.024;881.341
310.58;991.286;-22.326;0.024;882.529
311.08;980.126;-22.313;0.024;883.717
311.58;968.973;-22.301;0.025;884.904
312.08;957.825;-22.289;0.024;886.09
312.58;946.684;-22.277;0.024;887.276
313.08;935.548;-22.265;0.024;888.461
313.58;924.419;-22.252;0.025;889.646
314.08;913.296;-22.24;0.024;890.83
314.58;902.179;-22.229;0.023;892.013
315.08;891.067;-22.217;0.023;893.195
315.58;879.961;-22.205;0.024;894.377
316.08;868.862;-22.193;0.024;895.559
316.58;857.768;-22.182;0.023;896.739
317.08;846.68;-22.17;0.023;897.919
317.58;835.598;-22.158;0.024;899.117
318.08;824.522;-22.146;0.023;900.355
318.58;813.452;-22.134;0.024;901.592
319.08;802.388;-22.122;0.024;902.829
319.58;791.33;-22.11;0.024;904.065
320.08;780.278;-22.097;0.025;905.301
320.58;769.233;-22.085;0.025;906.535
321.08;758.194;-22.072;0.024;907.769
321.58;747.16;-22.061;0.024;909.003
322.08;736.133;-22.048;0.024;910.235
322.58;725.112;-22.037;0.024;911.467
323.08;714.097;-22.024;0.024;912.699
323.58;703.087;-22.013;0.024;913.93
324.08;692.084;-22;0.024;915.16
324.58;681.087;-21.988;0.024;916.389
325.08;670.096;-21.977;0.024;917.618
325.58;659.11;-21.964;0.024;918.846
326.08;648.131;-21.953;0.024;920.073
326.58;637.158;-21.941;0.024;921.3
327.08;626.191;-21.929;0.023;922.526
327.58;615.229;-21.917;0.023;923.751
328.08;604.274;-21.905;0.024;924.976
328.58;593.324;-21.894;0.023;926.2
329.08;582.38;-21.882;0.023;927.423
329.58;571.442;-21.87;0.023;928.646
330.08;560.509;-21.859;0.023;929.868
330.58;549.583;-21.847;0.024;931.089
331.08;538.663;-21.835;0.023;932.31
331.58;527.748;-21.823;0.023;933.53
332.08;516.839;-21.812;0.023;934.749
332.58;505.936;-21.799;0.025;935.968
333.08;495.039;-21.789;0.021;937.186
333.58;484.148;-21.777;0.023;938.404
334.08;473.262;-21.766;0.022;939.621
334.58;462.382;-21.755;0.022;940.837
335.08;451.507;-21.744;0.022;942.052
335.58;440.638;-21.732;0.023;943.267
336.08;429.775;-21.721;0.023;944.482
336.085;429.66;-21.221;94.122;945.696
336.086;429.637;-21.121;89.394;945.708
336.088;429.611;-21.015;88.457;945.711
336.089;429.586;-20.908;87.472;945.714
336.09;429.56;-20.801;86.489;945.717
336.091;429.534;-20.693;85.505;945.719
336.093;429.508;-20.585;84.521;945.722
336.094;429.481;-20.476;83.538;945.725
336.095;429.454;-20.367;82.555;945.728
336.097;429.426;-20.257;81.572;945.731
336.098;429.399;-20.147;80.589;945.734
336.099;429.371;-20.036;79.607;945.738
336.101;429.342;-19.924;78.624;945.741
336.102;429.314;-19.812;77.642;945.744
336.104;429.285;-19.699;76.66;945.747
336.105;429.255;-19.586;75.678;945.75
336.107;429.225;-19.472;74.697;945.754
336.108;429.195;-19.357;73.716;945.757
336.11;429.165;-19.242;72.736;945.76
336.112;429.133;-19.126;71.755;945.764
336.113;429.102;-19.009;70.775;945.767
336.115;429.07;-18.892;69.795;945.771
336.117;429.038;-18.773;68.815;945.774
336.118;429.005;-18.655;67.835;945.778
336.12;428.972;-18.535;66.856;945.782
336.122;428.938;-18.415;65.877;945.785
336.124;428.904;-18.294;64.899;945.789
336.126;428.869;-18.172;63.92;945.793
336.128;428.834;-18.05;62.942;945.797
336.13;428.798;-17.926;61.964;945.801
336.132;428.762;-17.802;60.987;945.805
336.134;428.725;-17.677;60.01;945.809
336.136;428.687;-17.551;59.033;945.813
336.138;428.649;-17.425;58.057;945.817
336.14;428.61;-17.297;57.081;945.821
336.143;428.571;-17.168;56.105;945.826
336.145;428.531;-17.039;55.13;945.83
336.147;428.49;-16.909;54.155;945.835
336.15;428.448;-16.777;53.18;945.839
336.152;428.406;-16.645;52.206;945.844
336.155;428.363;-16.512;51.232;945.848
336.158;428.319;-16.378;50.259;945.853
336.16;428.274;-16.242;49.286;945.858
336.163;428.228;-16.106;48.314;945.863
336.166;428.182;-15.968;47.342;945.868
336.169;428.134;-15.83;46.371;945.873
336.172;428.086;-15.69;45.4;945.879
336.175;428.036;-15.549;44.43;945.884
336.179;427.986;-15.407;43.46;945.89
336.182;427.934;-15.264;42.491;945.895
336.185;427.881;-15.119;41.523;945.901
336.189;427.827;-14.973;40.555;945.907
336.193;427.771;-14.826;39.588;945.913
336.197;427.715;-14.677;38.622;945.919
336.201;427.657;-14.527;37.656;945.926
336.205;427.597;-14.376;36.691;945.932
336.209;427.536;-14.223;35.727;945.939
336.213;427.473;-14.069;34.765;945.946
336.218;427.408;-13.913;33.803;945.953
336.223;427.342;-13.755;32.842;945.96
336.228;427.274;-13.596;31.882;945.967
336.233;427.203;-13.435;30.923;945.975
336.239;427.131;-13.273;29.966;945.983
336.244;427.056;-13.108;29.009;945.991
336.25;426.979;-12.942;28.054;945.999
336.256;426.899;-12.774;27.1;946.008
336.263;426.817;-12.603;26.147;946.017
336.27;426.731;-12.431;25.195;946.026
336.277;426.642;-12.257;24.246;946.036
336.284;426.55;-12.08;23.298;946.045
336.292;426.454;-11.902;22.352;946.056
336.301;426.354;-11.72;21.407;946.067
336.31;426.25;-11.537;20.465;946.078
336.319;426.141;-11.35;19.524;946.089
336.33;426.026;-11.162;18.585;946.102
336.34;425.906;-10.97;17.649;946.114
336.352;425.78;-10.776;16.716;946.128
336.365;425.647;-10.579;15.785;946.142
336.378;425.506;-10.379;14.858;946.157
336.393;425.356;-10.176;13.936;946.172
336.408;425.197;-9.97;13.018;946.189
336.426;425.026;-9.761;12.104;946.207
336.445;424.842;-9.548;11.194;946.226
336.466;424.644;-9.332;10.289;946.247
336.489;424.429;-9.112;9.39;946.269
336.515;424.193;-8.89;8.499;946.293
336.545;423.933;-8.664;7.616;946.319
336.579;423.643;-8.436;6.743;946.348
336.618;423.316;-8.204;5.883;946.381
336.664;422.942;-7.972;5.035;946.417
336.719;422.51;-7.74;4.207;946.459
336.788;421.986;-7.506;3.406;946.507
336.874;421.351;-7.281;2.625;946.566
336.991;420.511;-7.059;1.892;946.637
337.133;419.522;-6.891;1.185;946.73
337.404;417.675;-6.709;0.669;946.841
337.84;414.762;-6.653;0.128;947.047
338.34;411.432;-6.669;-0.032;947.373
338.84;408.104;-6.642;0.054;947.745
339.303;405.024;-6.67;-0.06;948.117
339.803;401.692;-6.658;0.025;948.461
340.303;398.362;-6.66;-0.006;948.833
340.803;395.033;-6.657;0.007;949.205
341.303;391.704;-6.66;-0.007;949.577
341.803;388.375;-6.657;0.007;949.949
342.303;385.047;-6.653;0.007;950.321
342.803;381.72;-6.657;-0.008;950.693
343.303;378.392;-6.654;0.007;951.064
343.803;375.065;-6.654;-0;951.436
344.303;371.739;-6.652;0.003;951.808
344.803;368.416;-6.638;0.028;952.18
345.303;365.093;-6.656;-0.037;952.551
345.803;361.767;-6.646;0.02;952.922
346.303;358.447;-6.634;0.024;953.294
346.803;355.125;-6.654;-0.039;953.665
347.303;351.8;-6.643;0.022;954.036
347.803;348.478;-6.647;-0.007;954.407
348.303;345.155;-6.643;0.006;954.787
348.803;341.834;-6.641;0.004;955.177
349.303;338.515;-6.637;0.008;955.566
349.78;335.35;-6.635;0.005;955.955
350.28;332.031;-6.641;-0.012;956.327
350.78;328.712;-6.637;0.007;956.716
351.28;325.394;-6.633;0.009;957.105
351.78;322.076;-6.639;-0.012;957.494
352.28;318.758;-6.632;0.014;957.883
352.78;315.441;-6.636;-0.008;958.273
353.28;312.124;-6.632;0.007;958.662
353.78;308.811;-6.622;0.021;959.051
354.28;305.496;-6.636;-0.027;959.439
354.78;302.18;-6.628;0.015;959.828
355.28;298.866;-6.63;-0.004;960.217
355.78;295.552;-6.627;0.005;960.606
356.28;292.238;-6.625;0.005;960.994
356.78;288.927;-6.623;0.004;961.383
357.28;285.615;-6.625;-0.004;961.771
357.78;282.303;-6.623;0.003;962.16
358.28;278.992;-6.621;0.005;962.548
358.78;275.681;-6.622;-0.001;962.936
359.28;272.372;-6.615;0.013;963.325
359.78;269.063;-6.621;-0.011;963.713
360.28;265.753;-6.617;0.007;964.101
360.78;262.446;-6.612;0.01;964.489
361.28;259.139;-6.617;-0.011;964.877
361.78;255.831;-6.614;0.006;965.265
362.28;252.524;-6.612;0.004;965.653
362.78;249.218;-6.613;-0.001;966.041
363.28;245.915;-6.598;0.03;966.428
363.709;243.083;-6.61;-0.028;966.816
364.209;239.779;-6.604;0.012;967.148
364.709;236.475;-6.61;-0.011;967.535
365.209;233.171;-6.606;0.006;967.923
365.709;229.868;-6.607;-0;968.31
366.209;226.565;-6.605;0.003;968.698
366.709;223.263;-6.604;0.002;969.085
367.209;219.961;-6.602;0.004;969.473
367.709;216.66;-6.602;0.001;969.86
368.209;213.359;-6.601;0.001;970.247
368.709;210.059;-6.599;0.004;970.634
369.209;206.76;-6.598;0.002;971.021
369.709;203.461;-6.596;0.005;971.408
370.209;200.163;-6.596;0;971.795
370.709;196.867;-6.591;0.009;972.182
371.209;193.57;-6.595;-0.008;972.568
371.709;190.273;-6.594;0.003;972.955
372.209;186.976;-6.592;0.002;973.342
372.709;183.681;-6.591;0.003;973.728
373.209;180.385;-6.59;0.001;974.115
373.709;177.09;-6.59;0.002;974.501
374.209;173.796;-6.588;0.004;974.888
374.709;170.502;-6.588;-0;975.274
375.209;167.209;-6.584;0.008;975.66
375.709;163.918;-6.583;0.001;976.047
376.209;160.626;-6.585;-0.004;976.433
376.709;157.335;-6.579;0.012;976.819
377.209;154.044;-6.584;-0.011;977.205
377.709;150.753;-6.58;0.008;977.591
378.209;147.463;-6.58;0;977.977
378.709;144.173;-6.579;0.002;978.363
379.209;140.884;-6.577;0.004;978.748
379.709;137.595;-6.577;-0;979.134
380.209;134.309;-6.57;0.015;979.52
380.709;131.022;-6.578;-0.015;979.905
381.209;127.735;-6.571;0.013;980.291
381.709;124.448;-6.573;-0.005;980.676
382.209;121.162;-6.571;0.005;981.062
382.709;117.877;-6.571;0.001;981.447
383.209;114.592;-6.569;0.004;981.833
383.709;111.308;-6.566;0.007;982.218
384.209;108.025;-6.567;-0.003;982.603
384.709;104.742;-6.564;0.005;982.988
385.209;101.46;-6.566;-0.004;983.373
385.709;98.177;-6.564;0.005;983.758
386.209;94.895;-6.563;0.001;984.143
386.709;91.615;-6.558;0.011;984.528
387.209;88.336;-6.56;-0.005;984.913
387.709;85.056;-6.557;0.006;985.297
388.209;81.777;-6.561;-0.008;985.682
388.709;78.497;-6.557;0.007;986.066
389.209;75.219;-6.557;-0;986.451
389.709;71.941;-6.554;0.007;986.836
390.209;68.663;-6.555;-0.003;987.22
390.709;65.386;-6.553;0.004;987.604
391.209;62.11;-6.553;0;987.989
391.709;58.833;-6.552;0.003;988.373
392.209;55.558;-6.55;0.003;988.757
392.709;52.285;-6.541;0.019;989.142
393.209;49.012;-6.553;-0.024;989.525
393.709;45.737;-6.546;0.013;989.909
394.209;42.464;-6.546;-0;990.293
394.709;39.191;-6.546;0;990.677
395.209;35.918;-6.544;0.004;991.061
395.709;32.647;-6.539;0.011;991.445
396.209;29.378;-6.54;-0.002;991.829
396.709;26.107;-6.542;-0.004;992.212
397.209;22.837;-6.54;0.003;992.596
397.709;19.566;-6.54;0.001;992.979
398.209;16.297;-6.539;0.003;993.363
398.709;13.029;-6.533;0.01;993.746
399.209;9.761;-6.539;-0.01;994.129
399.709;6.493;-6.534;0.01;994.513
400.209;3.227;-6.53;0.008;994.896
400.703;0;-6.536;-0.013;995.279
